"Person ID","First name","Last name",Party,Constituency,URI
10001,Diane,Abbott,Labour,"Hackney North and Stoke Newington",https://www.theyworkforyou.com/mp/10001/diane_abbott/hackney_north_and_stoke_newington
26385,Jack,Abbott,Labour/Co-operative,Ipswich,https://www.theyworkforyou.com/mp/26385/jack_abbott/ipswich
25034,Debbie,Abrahams,Labour,"Oldham East and Saddleworth",https://www.theyworkforyou.com/mp/25034/debbie_abrahams/oldham_east_and_saddleworth
26364,Shockat,Adam,Independent,"Leicester South",https://www.theyworkforyou.com/mp/26364/shockat_adam/leicester_south
26483,Zubir,Ahmed,Labour,"Glasgow South West",https://www.theyworkforyou.com/mp/26483/zubir_ahmed/glasgow_south_west
26420,Luke,Akehurst,Labour,"North Durham",https://www.theyworkforyou.com/mp/26420/luke_akehurst/north_durham
26527,Sadik,Al-Hassan,Labour,"North Somerset",https://www.theyworkforyou.com/mp/26527/sadik_al-hassan/north_somerset
26422,Bayo,Alaba,Labour,"Southend East and Rochford",https://www.theyworkforyou.com/mp/26422/bayo_alaba/southend_east_and_rochford
26453,Dan,Aldridge,Labour,Weston-super-Mare,https://www.theyworkforyou.com/mp/26453/dan_aldridge/weston-super-mare
10661,Douglas,Alexander,Labour/Co-operative,"Lothian East",https://www.theyworkforyou.com/mp/10661/douglas_alexander/lothian_east
24953,Heidi,Alexander,Labour,"Swindon South",https://www.theyworkforyou.com/mp/24953/heidi_alexander/swindon_south
24958,Rushanara,Ali,Labour,"Bethnal Green and Stepney",https://www.theyworkforyou.com/mp/24958/rushanara_ali/bethnal_green_and_stepney
25888,Tahir,Ali,Labour,"Birmingham Hall Green and Moseley",https://www.theyworkforyou.com/mp/25888/tahir_ali/birmingham_hall_green_and_moseley
25579,Rosena,Allin-Khan,Labour,Tooting,https://www.theyworkforyou.com/mp/25579/rosena_allin-khan/tooting
25122,Jim,Allister,"Traditional Unionist Voice","North Antrim",https://www.theyworkforyou.com/mp/25122/jim_allister/north_antrim
25702,Mike,Amesbury,Labour,"Runcorn and Helsby",https://www.theyworkforyou.com/mp/25702/mike_amesbury/runcorn_and_helsby
26531,Gideon,Amos,"Liberal Democrat","Taunton and Wellington",https://www.theyworkforyou.com/mp/26531/gideon_amos/taunton_and_wellington
26380,Callum,Anderson,Labour,"Buckingham and Bletchley",https://www.theyworkforyou.com/mp/26380/callum_anderson/buckingham_and_bletchley
25813,Fleur,Anderson,Labour,Putney,https://www.theyworkforyou.com/mp/25813/fleur_anderson/putney
25894,Lee,Anderson,"Reform UK",Ashfield,https://www.theyworkforyou.com/mp/25894/lee_anderson/ashfield
25818,Stuart,Anderson,Conservative,"South Shropshire",https://www.theyworkforyou.com/mp/25818/stuart_anderson/south_shropshire
24864,Stuart,Andrew,Conservative,Daventry,https://www.theyworkforyou.com/mp/24864/stuart_andrew/daventry
25634,Tonia,Antoniazzi,Labour,Gower,https://www.theyworkforyou.com/mp/25634/tonia_antoniazzi/gower
26491,Steffan,Aquarone,"Liberal Democrat","North Norfolk",https://www.theyworkforyou.com/mp/26491/steffan_aquarone/north_norfolk
25396,Edward,Argar,Conservative,"Melton and Syston",https://www.theyworkforyou.com/mp/25396/edward_argar/melton_and_syston
26591,Scott,Arthur,Labour,"Edinburgh South West",https://www.theyworkforyou.com/mp/26591/scott_arthur/edinburgh_south_west
26386,Jessica,Asato,Labour,Lowestoft,https://www.theyworkforyou.com/mp/26386/jessica_asato/lowestoft
26594,James,Asser,Labour,"West Ham and Beckton",https://www.theyworkforyou.com/mp/26594/james_asser/west_ham_and_beckton
26439,Jas,Athwal,Labour,"Ilford South",https://www.theyworkforyou.com/mp/26439/jas_athwal/ilford_south
25424,Victoria,Atkins,Conservative,"Louth and Horncastle",https://www.theyworkforyou.com/mp/25424/victoria_atkins/louth_and_horncastle
26405,Catherine,Atkinson,Labour,"Derby North",https://www.theyworkforyou.com/mp/26405/catherine_atkinson/derby_north
26309,Lewis,Atkinson,Labour,"Sunderland Central",https://www.theyworkforyou.com/mp/26309/lewis_atkinson/sunderland_central
26353,Josh,Babarinde,"Liberal Democrat",Eastbourne,https://www.theyworkforyou.com/mp/26353/josh_babarinde/eastbourne
25750,Gareth,Bacon,Conservative,Orpington,https://www.theyworkforyou.com/mp/25750/gareth_bacon/orpington
25693,Kemi,Badenoch,Conservative,"North West Essex",https://www.theyworkforyou.com/mp/25693/kemi_badenoch/north_west_essex
26340,Calvin,Bailey,Labour,"Leyton and Wanstead",https://www.theyworkforyou.com/mp/26340/calvin_bailey/leyton_and_wanstead
26609,Olivia,Bailey,Labour,"Reading West and Mid Berkshire",https://www.theyworkforyou.com/mp/26609/olivia_bailey/reading_west_and_mid_berkshire
26565,David,Baines,Labour,"St Helens North",https://www.theyworkforyou.com/mp/26565/david_baines/st_helens_north
26444,Alex,Baker,Labour,Aldershot,https://www.theyworkforyou.com/mp/26444/alex_baker/aldershot
13952,Richard,Baker,Labour,"Glenrothes and Mid Fife",https://www.theyworkforyou.com/mp/13952/richard_baker/glenrothes_and_mid_fife
24785,Harriett,Baldwin,Conservative,"West Worcestershire",https://www.theyworkforyou.com/mp/24785/harriett_baldwin/west_worcestershire
26580,Alex,Ballinger,Labour,Halesowen,https://www.theyworkforyou.com/mp/26580/alex_ballinger/halesowen
26342,Antonia,Bance,Labour,"Tipton and Wednesbury",https://www.theyworkforyou.com/mp/26342/antonia_bance/tipton_and_wednesbury
24916,Steve,Barclay,Conservative,"North East Cambridgeshire",https://www.theyworkforyou.com/mp/24916/steve_barclay/north_east_cambridgeshire
25819,Paula,Barker,Labour,"Liverpool Wavertree",https://www.theyworkforyou.com/mp/25819/paula_barker/liverpool_wavertree
26554,Lee,Barron,Labour,"Corby and East Northamptonshire",https://www.theyworkforyou.com/mp/26554/lee_barron/corby_and_east_northamptonshire
26402,Alex,Barros-Curtis,Labour,"Cardiff West",https://www.theyworkforyou.com/mp/26402/alex_barros-curtis/cardiff_west
26375,Johanna,Baxter,Labour,"Paisley and Renfrewshire South",https://www.theyworkforyou.com/mp/26375/johanna_baxter/paisley_and_renfrewshire_south
26619,Danny,Beales,Labour,"Uxbridge and South Ruislip",https://www.theyworkforyou.com/mp/26619/danny_beales/uxbridge_and_south_ruislip
26475,Lorraine,Beavers,Labour,"Blackpool North and Fleetwood",https://www.theyworkforyou.com/mp/26475/lorraine_beavers/blackpool_north_and_fleetwood
26625,Peter,Bedford,Conservative,"Mid Leicestershire",https://www.theyworkforyou.com/mp/26625/peter_bedford/mid_leicestershire
25726,Órfhlaith,Begley,"Sinn Féin","West Tyrone",https://www.theyworkforyou.com/mp/25726/orfhlaith_begley/west_tyrone
25914,Apsana,Begum,Labour,"Poplar and Limehouse",https://www.theyworkforyou.com/mp/25914/apsana_begum/poplar_and_limehouse
26331,Torsten,Bell,Labour,"Swansea West",https://www.theyworkforyou.com/mp/26331/torsten_bell/swansea_west
10669,Hilary,Benn,Labour,"Leeds South",https://www.theyworkforyou.com/mp/10669/hilary_benn/leeds_south
26498,Alison,Bennett,"Liberal Democrat","Mid Sussex",https://www.theyworkforyou.com/mp/26498/alison_bennett/mid_sussex
25752,Siân,Berry,Green,"Brighton Pavilion",https://www.theyworkforyou.com/mp/25752/si%C3%A2n_berry/brighton_pavilion
10045,Clive,Betts,Labour,"Sheffield South East",https://www.theyworkforyou.com/mp/10045/clive_betts/sheffield_south_east
25847,Saqib,Bhatti,Conservative,"Meriden and Solihull East",https://www.theyworkforyou.com/mp/25847/saqib_bhatti/meriden_and_solihull_east
26360,Polly,Billington,Labour,"East Thanet",https://www.theyworkforyou.com/mp/26360/polly_billington/east_thanet
26574,Matt,Bishop,Labour,"Forest of Dean",https://www.theyworkforyou.com/mp/26574/matt_bishop/forest_of_dean
24945,Bob,Blackman,Conservative,"Harrow East",https://www.theyworkforyou.com/mp/24945/bob_blackman/harrow_east
25314,Kirsty,Blackman,"Scottish National Party","Aberdeen North",https://www.theyworkforyou.com/mp/25314/kirsty_blackman/aberdeen_north
25908,Olivia,Blake,Labour,"Sheffield Hallam",https://www.theyworkforyou.com/mp/25908/olivia_blake/sheffield_hallam
26546,Rachel,Blake,Labour/Co-operative,"Cities of London and Westminster",https://www.theyworkforyou.com/mp/26546/rachel_blake/cities_of_london_and_westminster
26357,Christopher,Bloore,Labour,Redditch,https://www.theyworkforyou.com/mp/26357/christopher_bloore/redditch
26481,Elsie,Blundell,Labour,"Heywood and Middleton North",https://www.theyworkforyou.com/mp/26481/elsie_blundell/heywood_and_middleton_north
26330,Kevin,Bonavia,Labour,Stevenage,https://www.theyworkforyou.com/mp/26330/kevin_bonavia/stevenage
26635,Sarah,Bool,Conservative,"South Northamptonshire",https://www.theyworkforyou.com/mp/26635/sarah_bool/south_northamptonshire
26465,Jade,Botterill,Labour,"Ossett and Denby Dale",https://www.theyworkforyou.com/mp/26465/jade_botterill/ossett_and_denby_dale
25703,Andrew,Bowie,Conservative,"West Aberdeenshire and Kincardine",https://www.theyworkforyou.com/mp/25703/andrew_bowie/west_aberdeenshire_and_kincardine
26433,Sureena,Brackenridge,Labour,"Wolverhampton North East",https://www.theyworkforyou.com/mp/26433/sureena_brackenridge/wolverhampton_north_east
24725,Karen,Bradley,Conservative,"Staffordshire Moorlands",https://www.theyworkforyou.com/mp/24725/karen_bradley/staffordshire_moorlands
26553,Aphra,Brandreth,Conservative,"Chester South and Eddisbury",https://www.theyworkforyou.com/mp/26553/aphra_brandreth/chester_south_and_eddisbury
26339,Jonathan,Brash,Labour,Hartlepool,https://www.theyworkforyou.com/mp/26339/jonathan_brash/hartlepool
25272,Suella,Braverman,Conservative,"Fareham and Waterlooville",https://www.theyworkforyou.com/mp/25272/suella_braverman/fareham_and_waterlooville
26366,Alex,Brewer,"Liberal Democrat","North East Hampshire",https://www.theyworkforyou.com/mp/26366/alex_brewer/north_east_hampshire
26368,Phil,Brickell,Labour,"Bolton West",https://www.theyworkforyou.com/mp/26368/phil_brickell/bolton_west
26372,Jessica,Brown-Fuller,"Liberal Democrat",Chichester,https://www.theyworkforyou.com/mp/26372/jessica_brown-fuller/chichester
10761,Chris,Bryant,Labour,"Rhondda and Ogmore",https://www.theyworkforyou.com/mp/10761/chris_bryant/rhondda_and_ogmore
26436,Julia,Buckley,Labour,Shrewsbury,https://www.theyworkforyou.com/mp/26436/julia_buckley/shrewsbury
25659,Alex,Burghart,Conservative,"Brentwood and Ongar",https://www.theyworkforyou.com/mp/25659/alex_burghart/brentwood_and_ongar
25391,Richard,Burgon,Labour,"Leeds East",https://www.theyworkforyou.com/mp/25391/richard_burgon/leeds_east
26455,Maureen,Burke,Labour,"Glasgow North East",https://www.theyworkforyou.com/mp/26455/maureen_burke/glasgow_north_east
26442,David,Burton-Sampson,Labour,"Southend West and Leigh",https://www.theyworkforyou.com/mp/26442/david_burton-sampson/southend_west_and_leigh
11447,Dawn,Butler,Labour,"Brent East",https://www.theyworkforyou.com/mp/11447/dawn_butler/brent_east
25816,Ian,Byrne,Labour,"Liverpool West Derby",https://www.theyworkforyou.com/mp/25816/ian_byrne/liverpool_west_derby
11360,Liam,Byrne,Labour,"Birmingham Hodge Hill and Solihull North",https://www.theyworkforyou.com/mp/11360/liam_byrne/birmingham_hodge_hill_and_solihull_north
25343,Ruth,Cadbury,Labour,"Brentford and Isleworth",https://www.theyworkforyou.com/mp/25343/ruth_cadbury/brentford_and_isleworth
26474,Nesil,Caliskan,Labour,Barking,https://www.theyworkforyou.com/mp/26474/nesil_caliskan/barking
10086,Alan,Campbell,Labour,Tynemouth,https://www.theyworkforyou.com/mp/10086/alan_campbell/tynemouth
10780,Gregory,Campbell,DUP,"East Londonderry",https://www.theyworkforyou.com/mp/10780/gregory_campbell/east_londonderry
26419,Irene,Campbell,Labour,"North Ayrshire and Arran",https://www.theyworkforyou.com/mp/26419/irene_campbell/north_ayrshire_and_arran
26337,Juliet,Campbell,Labour,Broxtowe,https://www.theyworkforyou.com/mp/26337/juliet_campbell/broxtowe
26485,Markus,Campbell-Savours,Labour,"Penrith and Solway",https://www.theyworkforyou.com/mp/26485/markus_campbell-savours/penrith_and_solway
26425,Charlotte,Cane,"Liberal Democrat","Ely and East Cambridgeshire",https://www.theyworkforyou.com/mp/26425/charlotte_cane/ely_and_east_cambridgeshire
25642,Dan,Carden,Labour,"Liverpool Walton",https://www.theyworkforyou.com/mp/25642/dan_carden/liverpool_walton
26558,Sam,Carling,Labour,"North West Cambridgeshire",https://www.theyworkforyou.com/mp/26558/sam_carling/north_west_cambridgeshire
10785,Alistair,Carmichael,"Liberal Democrat","Orkney and Shetland",https://www.theyworkforyou.com/mp/10785/alistair_carmichael/orkney_and_shetland
26599,Alistair,Carns,Labour,"Birmingham Selly Oak",https://www.theyworkforyou.com/mp/26599/alistair_carns/birmingham_selly_oak
25414,James,Cartlidge,Conservative,"South Suffolk",https://www.theyworkforyou.com/mp/25414/james_cartlidge/south_suffolk
26518,David,Chadwick,"Liberal Democrat","Brecon, Radnor and Cwm Tawe",https://www.theyworkforyou.com/mp/26518/david_chadwick/brecon%2C_radnor_and_cwm_tawe
25872,Wendy,Chamberlain,"Liberal Democrat","North East Fife",https://www.theyworkforyou.com/mp/25872/wendy_chamberlain/north_east_fife
26607,Danny,Chambers,"Liberal Democrat",Winchester,https://www.theyworkforyou.com/mp/26607/danny_chambers/winchester
25168,Sarah,Champion,Labour,Rotherham,https://www.theyworkforyou.com/mp/25168/sarah_champion/rotherham
25676,Bambos,Charalambous,Labour,"Southgate and Wood Green",https://www.theyworkforyou.com/mp/25676/bambos_charalambous/southgate_and_wood_green
26480,Luke,Charters,Labour,"York Outer",https://www.theyworkforyou.com/mp/26480/luke_charters/york_outer
10103,Christopher,Chope,Conservative,Christchurch,https://www.theyworkforyou.com/mp/10103/christopher_chope/christchurch
26577,Ellie,Chowns,Green,"North Herefordshire",https://www.theyworkforyou.com/mp/26577/ellie_chowns/north_herefordshire
25896,Feryal,Clark,Labour,"Enfield North",https://www.theyworkforyou.com/mp/25896/feryal_clark/enfield_north
25376,James,Cleverly,Conservative,Braintree,https://www.theyworkforyou.com/mp/25376/james_cleverly/braintree
10119,Geoffrey,Clifton-Brown,Conservative,"North Cotswolds",https://www.theyworkforyou.com/mp/10119/geoffrey_clifton-brown/north_cotswolds
26316,Lewis,Cocking,Conservative,Broxbourne,https://www.theyworkforyou.com/mp/26316/lewis_cocking/broxbourne
26445,Chris,Coghlan,"Liberal Democrat","Dorking and Horley",https://www.theyworkforyou.com/mp/26445/chris_coghlan/dorking_and_horley
26602,Ben,Coleman,Labour,"Chelsea and Fulham",https://www.theyworkforyou.com/mp/26602/ben_coleman/chelsea_and_fulham
26382,Jacob,Collier,Labour,"Burton and Uttoxeter",https://www.theyworkforyou.com/mp/26382/jacob_collier/burton_and_uttoxeter
26592,Lizzi,Collinge,Labour,"Morecambe and Lunesdale",https://www.theyworkforyou.com/mp/26592/lizzi_collinge/morecambe_and_lunesdale
26351,Tom,Collins,Labour,Worcester,https://www.theyworkforyou.com/mp/26351/tom_collins/worcester
26539,Victoria,Collins,"Liberal Democrat","Harpenden and Berkhamsted",https://www.theyworkforyou.com/mp/26539/victoria_collins/harpenden_and_berkhamsted
26401,Liam,Conlon,Labour,"Beckenham and Penge",https://www.theyworkforyou.com/mp/26401/liam_conlon/beckenham_and_penge
26452,Sarah,Coombes,Labour,"West Bromwich",https://www.theyworkforyou.com/mp/26452/sarah_coombes/west_bromwich
26447,Andrew,Cooper,Labour,"Mid Cheshire",https://www.theyworkforyou.com/mp/26447/andrew_cooper/mid_cheshire
26515,Beccy,Cooper,Labour,"Worthing West",https://www.theyworkforyou.com/mp/26515/beccy_cooper/worthing_west
25901,Daisy,Cooper,"Liberal Democrat","St Albans",https://www.theyworkforyou.com/mp/25901/daisy_cooper/st_albans
26634,John,Cooper,Conservative,"Dumfries and Galloway",https://www.theyworkforyou.com/mp/26634/john_cooper/dumfries_and_galloway
10131,Yvette,Cooper,Labour,"Pontefract, Castleford and Knottingley",https://www.theyworkforyou.com/mp/10131/yvette_cooper/pontefract%2C_castleford_and_knottingley
10133,Jeremy,Corbyn,Independent,"Islington North",https://www.theyworkforyou.com/mp/10133/jeremy_corbyn/islington_north
25413,Alberto,Costa,Conservative,"South Leicestershire",https://www.theyworkforyou.com/mp/25413/alberto_costa/south_leicestershire
26384,Deirdre,Costigan,Labour,"Ealing Southall",https://www.theyworkforyou.com/mp/26384/deirdre_costigan/ealing_southall
25890,Claire,Coutinho,Conservative,"East Surrey",https://www.theyworkforyou.com/mp/25890/claire_coutinho/east_surrey
11541,Geoffrey,Cox,Conservative,"Torridge and Tavistock",https://www.theyworkforyou.com/mp/11541/geoffrey_cox/torridge_and_tavistock
26324,Pam,Cox,Labour,Colchester,https://www.theyworkforyou.com/mp/26324/pam_cox/colchester
25326,Neil,Coyle,Labour,"Bermondsey and Old Southwark",https://www.theyworkforyou.com/mp/25326/neil_coyle/bermondsey_and_old_southwark
26341,Jennifer,Craft,Labour,Thurrock,https://www.theyworkforyou.com/mp/26341/jennifer_craft/thurrock
11898,Mary,Creagh,Labour,"Coventry East",https://www.theyworkforyou.com/mp/11898/mary_creagh/coventry_east
24949,Stella,Creasy,Labour/Co-operative,Walthamstow,https://www.theyworkforyou.com/mp/24949/stella_creasy/walthamstow
26500,Torcuil,Crichton,Labour,"Na h-Eileanan an Iar",https://www.theyworkforyou.com/mp/26500/torcuil_crichton/na_h-eileanan_an_iar
26538,Harriet,Cross,Conservative,"Gordon and Buchan",https://www.theyworkforyou.com/mp/26538/harriet_cross/gordon_and_buchan
26614,Pat,Cullen,"Sinn Féin","Fermanagh and South Tyrone",https://www.theyworkforyou.com/mp/26614/pat_cullen/fermanagh_and_south_tyrone
25393,Judith,Cummins,Labour,"Bradford South",https://www.theyworkforyou.com/mp/25393/judith_cummins/bradford_south
26396,Chris,Curtis,Labour,"Milton Keynes North",https://www.theyworkforyou.com/mp/26396/chris_curtis/milton_keynes_north
25727,Janet,Daby,Labour,"Lewisham East",https://www.theyworkforyou.com/mp/25727/janet_daby/lewisham_east
24798,Nicholas,Dakin,Labour,Scunthorpe,https://www.theyworkforyou.com/mp/24798/nicholas_dakin/scunthorpe
26123,Ashley,Dalton,Labour,"West Lancashire",https://www.theyworkforyou.com/mp/26123/ashley_dalton/west_lancashire
26459,Adam,Dance,"Liberal Democrat",Yeovil,https://www.theyworkforyou.com/mp/26459/adam_dance/yeovil
26349,Steve,Darling,"Liberal Democrat",Torbay,https://www.theyworkforyou.com/mp/26349/steve_darling/torbay
26412,Emily,Darlington,Labour,"Milton Keynes Central",https://www.theyworkforyou.com/mp/26412/emily_darlington/milton_keynes_central
10155,Edward,Davey,"Liberal Democrat","Kingston and Surbiton",https://www.theyworkforyou.com/mp/10155/edward_davey/kingston_and_surbiton
26359,Ann,Davies,"Plaid Cymru",Caerfyrddin,https://www.theyworkforyou.com/mp/26359/ann_davies/caerfyrddin
25858,Gareth,Davies,Conservative,"Grantham and Bourne",https://www.theyworkforyou.com/mp/25858/gareth_davies/grantham_and_bourne
26557,Jonathan,Davies,Labour,"Mid Derbyshire",https://www.theyworkforyou.com/mp/26557/jonathan_davies/mid_derbyshire
25330,Mims,Davies,Conservative,"East Grinstead and Uckfield",https://www.theyworkforyou.com/mp/25330/mims_davies/east_grinstead_and_uckfield
26537,Paul,Davies,Labour,"Colne Valley",https://www.theyworkforyou.com/mp/26537/paul_davies/colne_valley
26332,Shaun,Davies,Labour,Telford,https://www.theyworkforyou.com/mp/26332/shaun_davies/telford
25824,Alex,Davies-Jones,Labour,Pontypridd,https://www.theyworkforyou.com/mp/25824/alex_davies-jones/pontypridd
10162,David,Davis,Conservative,"Goole and Pocklington",https://www.theyworkforyou.com/mp/10162/david_davis/goole_and_pocklington
25620,Marsha,"de Cordova",Labour,Battersea,https://www.theyworkforyou.com/mp/25620/marsha_de_cordova/battersea
26371,Bobby,Dean,"Liberal Democrat","Carshalton and Wallington",https://www.theyworkforyou.com/mp/26371/bobby_dean/carshalton_and_wallington
26456,Josh,Dean,Labour,"Hertford and Stortford",https://www.theyworkforyou.com/mp/26456/josh_dean/hertford_and_stortford
26548,Kate,Dearden,Labour/Co-operative,Halifax,https://www.theyworkforyou.com/mp/26548/kate_dearden/halifax
26379,Carla,Denyer,Green,"Bristol Central",https://www.theyworkforyou.com/mp/26379/carla_denyer/bristol_central
26461,Charlie,Dewhirst,Conservative,"Bridlington and The Wolds",https://www.theyworkforyou.com/mp/26461/charlie_dewhirst/bridlington_and_the_wolds
25695,Tan,Dhesi,Labour,Slough,https://www.theyworkforyou.com/mp/25695/tan_dhesi/slough
26547,Jim,Dickson,Labour,Dartford,https://www.theyworkforyou.com/mp/26547/jim_dickson/dartford
26584,Lee,Dillon,"Liberal Democrat",Newbury,https://www.theyworkforyou.com/mp/26584/lee_dillon/newbury
24873,Caroline,Dinenage,Conservative,Gosport,https://www.theyworkforyou.com/mp/24873/caroline_dinenage/gosport
26524,Anna,Dixon,Labour,Shipley,https://www.theyworkforyou.com/mp/26524/anna_dixon/shipley
26118,Samantha,Dixon,Labour,"Chester North and Neston",https://www.theyworkforyou.com/mp/26118/samantha_dixon/chester_north_and_neston
25618,Anneliese,Dodds,Labour/Co-operative,"Oxford East",https://www.theyworkforyou.com/mp/25618/anneliese_dodds/oxford_east
26507,Helena,Dollimore,Labour/Co-operative,"Hastings and Rye",https://www.theyworkforyou.com/mp/26507/helena_dollimore/hastings_and_rye
25796,Dave,Doogan,"Scottish National Party","Angus and Perthshire Glens",https://www.theyworkforyou.com/mp/25796/dave_doogan/angus_and_perthshire_glens
25166,Stephen,Doughty,Labour/Co-operative,"Cardiff South and Penarth",https://www.theyworkforyou.com/mp/25166/stephen_doughty/cardiff_south_and_penarth
25309,Peter,Dowd,Labour,Bootle,https://www.theyworkforyou.com/mp/25309/peter_dowd/bootle
25323,Oliver,Dowden,Conservative,Hertsmere,https://www.theyworkforyou.com/mp/25323/oliver_dowden/hertsmere
26503,Graeme,Downie,Labour,"Dunfermline and Dollar",https://www.theyworkforyou.com/mp/26503/graeme_downie/dunfermline_and_dollar
25656,Rosie,Duffield,Independent,Canterbury,https://www.theyworkforyou.com/mp/25656/rosie_duffield/canterbury
10180,Iain,"Duncan Smith",Conservative,"Chingford and Woodford Green",https://www.theyworkforyou.com/mp/10180/iain_duncan_smith/chingford_and_woodford_green
26633,Neil,Duncan-Jordan,Labour,Poole,https://www.theyworkforyou.com/mp/26633/neil_duncan-jordan/poole
26270,Sarah,Dyke,"Liberal Democrat","Glastonbury and Somerton",https://www.theyworkforyou.com/mp/26270/sarah_dyke/glastonbury_and_somerton
10182,Angela,Eagle,Labour,Wallasey,https://www.theyworkforyou.com/mp/10182/angela_eagle/wallasey
10183,Maria,Eagle,Labour,"Liverpool Garston",https://www.theyworkforyou.com/mp/10183/maria_eagle/liverpool_garston
13780,Alex,Easton,Independent,"North Down",https://www.theyworkforyou.com/mp/13780/alex_easton/north_down
25130,Colum,Eastwood,"Social Democratic and Labour Party",Foyle,https://www.theyworkforyou.com/mp/25130/colum_eastwood/foyle
26071,Sorcha,Eastwood,Alliance,"Lagan Valley",https://www.theyworkforyou.com/mp/26071/sorcha_eastwood/lagan_valley
26587,Cat,Eccles,Labour,Stourbridge,https://www.theyworkforyou.com/mp/26587/cat_eccles/stourbridge
26597,Lauren,Edwards,Labour,"Rochester and Strood",https://www.theyworkforyou.com/mp/26597/lauren_edwards/rochester_and_strood
26277,Sarah,Edwards,Labour,Tamworth,https://www.theyworkforyou.com/mp/26277/sarah_edwards/tamworth
10185,Clive,Efford,Labour,"Eltham and Chislehurst",https://www.theyworkforyou.com/mp/10185/clive_efford/eltham_and_chislehurst
26287,Damien,Egan,Labour,"Bristol North East",https://www.theyworkforyou.com/mp/26287/damien_egan/bristol_north_east
26479,Maya,Ellis,Labour,"Ribble Valley",https://www.theyworkforyou.com/mp/26479/maya_ellis/ribble_valley
25490,Chris,Elmore,Labour,Bridgend,https://www.theyworkforyou.com/mp/25490/chris_elmore/bridgend
26378,Kirith,Entwistle,Labour,"Bolton North East",https://www.theyworkforyou.com/mp/26378/kirith_entwistle/bolton_north_east
25759,Florence,Eshalomi,Labour/Co-operative,"Vauxhall and Camberwell Green",https://www.theyworkforyou.com/mp/25759/florence_eshalomi/vauxhall_and_camberwell_green
24905,Bill,Esterson,Labour,"Sefton Central",https://www.theyworkforyou.com/mp/24905/bill_esterson/sefton_central
24721,Chris,Evans,Labour/Co-operative,Caerphilly,https://www.theyworkforyou.com/mp/24721/chris_evans/caerphilly
25805,Luke,Evans,Conservative,"Hinckley and Bosworth",https://www.theyworkforyou.com/mp/25805/luke_evans/hinckley_and_bosworth
26389,Miatta,Fahnbulleh,Labour/Co-operative,Peckham,https://www.theyworkforyou.com/mp/26389/miatta_fahnbulleh/peckham
26446,Hamish,Falconer,Labour,Lincoln,https://www.theyworkforyou.com/mp/26446/hamish_falconer/lincoln
26352,Nigel,Farage,"Reform UK",Clacton,https://www.theyworkforyou.com/mp/26352/nigel_farage/clacton
26356,Linsey,Farnsworth,Labour,"Amber Valley",https://www.theyworkforyou.com/mp/26356/linsey_farnsworth/amber_valley
11923,Tim,Farron,"Liberal Democrat","Westmorland and Lonsdale",https://www.theyworkforyou.com/mp/11923/tim_farron/westmorland_and_lonsdale
26545,Josh,Fenton-Glynn,Labour,"Calder Valley",https://www.theyworkforyou.com/mp/26545/josh_fenton-glynn/calder_valley
26310,Mark,Ferguson,Labour,"Gateshead Central and Whickham",https://www.theyworkforyou.com/mp/26310/mark_ferguson/gateshead_central_and_whickham
13984,Patricia,Ferguson,Labour,"Glasgow West",https://www.theyworkforyou.com/mp/13984/patricia_ferguson/glasgow_west
25821,John,Finucane,"Sinn Féin","Belfast North",https://www.theyworkforyou.com/mp/25821/john_finucane/belfast_north
26343,Natalie,Fleet,Labour,Bolsover,https://www.theyworkforyou.com/mp/26343/natalie_fleet/bolsover
25867,Stephen,Flynn,"Scottish National Party","Aberdeen South",https://www.theyworkforyou.com/mp/25867/stephen_flynn/aberdeen_south
26311,Emma,Foody,Labour/Co-operative,"Cramlington and Killingworth",https://www.theyworkforyou.com/mp/26311/emma_foody/cramlington_and_killingworth
26510,Catherine,Fookes,Labour,Monmouthshire,https://www.theyworkforyou.com/mp/26510/catherine_fookes/monmouthshire
26086,Richard,Foord,"Liberal Democrat","Honiton and Sidmouth",https://www.theyworkforyou.com/mp/26086/richard_foord/honiton_and_sidmouth
26560,Will,Forster,"Liberal Democrat",Woking,https://www.theyworkforyou.com/mp/26560/will_forster/woking
26027,Peter,Fortune,Conservative,"Bromley and Biggin Hill",https://www.theyworkforyou.com/mp/26027/peter_fortune/bromley_and_biggin_hill
26487,Paul,Foster,Labour,"South Ribble",https://www.theyworkforyou.com/mp/26487/paul_foster/south_ribble
26370,Ashley,Fox,Conservative,Bridgwater,https://www.theyworkforyou.com/mp/26370/ashley_fox/bridgwater
25380,Vicky,Foxcroft,Labour,"Lewisham North",https://www.theyworkforyou.com/mp/25380/vicky_foxcroft/lewisham_north
25833,Mary,Foy,Labour,"City of Durham",https://www.theyworkforyou.com/mp/25833/mary_foy/city_of_durham
26493,Daniel,Francis,Labour,"Bexleyheath and Crayford",https://www.theyworkforyou.com/mp/26493/daniel_francis/bexleyheath_and_crayford
10901,Mark,Francois,Conservative,"Rayleigh and Wickford",https://www.theyworkforyou.com/mp/10901/mark_francois/rayleigh_and_wickford
26555,Zöe,Franklin,"Liberal Democrat",Guildford,https://www.theyworkforyou.com/mp/26555/zoe_franklin/guildford
24817,George,Freeman,Conservative,"Mid Norfolk",https://www.theyworkforyou.com/mp/24817/george_freeman/mid_norfolk
26055,Louie,French,Conservative,"Old Bexley and Sidcup",https://www.theyworkforyou.com/mp/26055/louie_french/old_bexley_and_sidcup
25622,James,Frith,Labour,"Bury North",https://www.theyworkforyou.com/mp/25622/james_frith/bury_north
24787,Richard,Fuller,Conservative,"North Bedfordshire",https://www.theyworkforyou.com/mp/24787/richard_fuller/north_bedfordshire
25489,Gill,Furniss,Labour,"Sheffield Brightside and Hillsborough",https://www.theyworkforyou.com/mp/25489/gill_furniss/sheffield_brightside_and_hillsborough
10217,Roger,Gale,Conservative,"Herne Bay and Sandwich",https://www.theyworkforyou.com/mp/10217/roger_gale/herne_bay_and_sandwich
10220,Barry,Gardiner,Labour,"Brent West",https://www.theyworkforyou.com/mp/10220/barry_gardiner/brent_west
26621,Allison,Gardner,Labour,"Stoke-on-Trent South",https://www.theyworkforyou.com/mp/26621/allison_gardner/stoke-on-trent_south
24824,Mark,Garnier,Conservative,"Wyre Forest",https://www.theyworkforyou.com/mp/24824/mark_garnier/wyre_forest
26618,Anna,Gelderd,Labour,"South East Cornwall",https://www.theyworkforyou.com/mp/26618/anna_gelderd/south_east_cornwall
26476,Alan,Gemmell,Labour,"Central Ayrshire",https://www.theyworkforyou.com/mp/26476/alan_gemmell/central_ayrshire
10222,Andrew,George,"Liberal Democrat","St Ives",https://www.theyworkforyou.com/mp/10222/andrew_george/st_ives
26394,Gill,German,Labour,"Clwyd North",https://www.theyworkforyou.com/mp/26394/gill_german/clwyd_north
25324,Stephen,Gethins,"Scottish National Party","Arbroath and Broughty Ferry",https://www.theyworkforyou.com/mp/25324/stephen_gethins/arbroath_and_broughty_ferry
25354,Nusrat,Ghani,Conservative,"Sussex Weald",https://www.theyworkforyou.com/mp/25354/nusrat_ghani/sussex_weald
26585,Sarah,Gibson,"Liberal Democrat",Chippenham,https://www.theyworkforyou.com/mp/26585/sarah_gibson/chippenham
26526,Tracy,Gilbert,Labour,"Edinburgh North and Leith",https://www.theyworkforyou.com/mp/26526/tracy_gilbert/edinburgh_north_and_leith
25666,"Preet Kaur",Gill,Labour/Co-operative,"Birmingham Edgbaston",https://www.theyworkforyou.com/mp/25666/preet_kaur_gill/birmingham_edgbaston
26543,Rachel,Gilmour,"Liberal Democrat","Tiverton and Minehead",https://www.theyworkforyou.com/mp/26543/rachel_gilmour/tiverton_and_minehead
26568,Becky,Gittins,Labour,"Clwyd East",https://www.theyworkforyou.com/mp/26568/becky_gittins/clwyd_east
24839,John,Glen,Conservative,Salisbury,https://www.theyworkforyou.com/mp/24839/john_glen/salisbury
24927,Mary,Glindon,Labour,"Newcastle upon Tyne East and Wallsend",https://www.theyworkforyou.com/mp/24927/mary_glindon/newcastle_upon_tyne_east_and_wallsend
26572,Olly,Glover,"Liberal Democrat","Didcot and Wantage",https://www.theyworkforyou.com/mp/26572/olly_glover/didcot_and_wantage
26338,Marie,Goldman,"Liberal Democrat",Chelmsford,https://www.theyworkforyou.com/mp/26338/marie_goldman/chelmsford
26530,Ben,Goldsborough,Labour,"South Norfolk",https://www.theyworkforyou.com/mp/26530/ben_goldsborough/south_norfolk
26312,Tom,Gordon,"Liberal Democrat","Harrogate and Knaresborough",https://www.theyworkforyou.com/mp/26312/tom_gordon/harrogate_and_knaresborough
26314,Jodie,Gosling,Labour,Nuneaton,https://www.theyworkforyou.com/mp/26314/jodie_gosling/nuneaton
26528,Georgia,Gould,Labour,"Queen's Park and Maida Vale",https://www.theyworkforyou.com/mp/26528/georgia_gould/queen%27s_park_and_maida_vale
26426,John,Grady,Labour,"Glasgow East",https://www.theyworkforyou.com/mp/26426/john_grady/glasgow_east
24796,Helen,Grant,Conservative,"Maidstone and Malling",https://www.theyworkforyou.com/mp/24796/helen_grant/maidstone_and_malling
26034,Sarah,Green,"Liberal Democrat","Chesham and Amersham",https://www.theyworkforyou.com/mp/26034/sarah_green/chesham_and_amersham
24774,Lilian,Greenwood,Labour,"Nottingham South",https://www.theyworkforyou.com/mp/24774/lilian_greenwood/nottingham_south
25927,Andrew,Griffith,Conservative,"Arundel and South Downs",https://www.theyworkforyou.com/mp/25927/andrew_griffith/arundel_and_south_downs
11692,Nia,Griffith,Labour,Llanelli,https://www.theyworkforyou.com/mp/11692/nia_griffith/llanelli
26536,Alison,Griffiths,Conservative,"Bognor Regis and Littlehampton",https://www.theyworkforyou.com/mp/26536/alison_griffiths/bognor_regis_and_littlehampton
11531,Andrew,Gwynne,Labour/Co-operative,"Gorton and Denton",https://www.theyworkforyou.com/mp/11531/andrew_gwynne/gorton_and_denton
26449,Amanda,Hack,Labour,"North West Leicestershire",https://www.theyworkforyou.com/mp/26449/amanda_hack/north_west_leicestershire
25357,Louise,Haigh,Labour,"Sheffield Heeley",https://www.theyworkforyou.com/mp/25357/louise_haigh/sheffield_heeley
26416,Sarah,Hall,Labour/Co-operative,"Warrington South",https://www.theyworkforyou.com/mp/26416/sarah_hall/warrington_south
10256,Fabian,Hamilton,Labour,"Leeds North East",https://www.theyworkforyou.com/mp/10256/fabian_hamilton/leeds_north_east
26061,Paulette,Hamilton,Labour,"Birmingham Erdington",https://www.theyworkforyou.com/mp/26061/paulette_hamilton/birmingham_erdington
25447,Claire,Hanna,"Social Democratic and Labour Party","Belfast South and Mid Down",https://www.theyworkforyou.com/mp/25447/claire_hanna/belfast_south_and_mid_down
26516,Monica,Harding,"Liberal Democrat","Esher and Walton",https://www.theyworkforyou.com/mp/26516/monica_harding/esher_and_walton
25646,Emma,Hardy,Labour,"Kingston upon Hull West and Haltemprice",https://www.theyworkforyou.com/mp/25646/emma_hardy/kingston_upon_hull_west_and_haltemprice
25308,Carolyn,Harris,Labour,"Neath and Swansea East",https://www.theyworkforyou.com/mp/25308/carolyn_harris/neath_and_swansea_east
24731,Rebecca,Harris,Conservative,"Castle Point",https://www.theyworkforyou.com/mp/24731/rebecca_harris/castle_point
26471,Lloyd,Hatton,Labour,"South Dorset",https://www.theyworkforyou.com/mp/26471/lloyd_hatton/south_dorset
25310,Helen,Hayes,Labour,"Dulwich and West Norwood",https://www.theyworkforyou.com/mp/25310/helen_hayes/dulwich_and_west_norwood
10265,John,Hayes,Conservative,"South Holland and The Deepings",https://www.theyworkforyou.com/mp/10265/john_hayes/south_holland_and_the_deepings
26566,Tom,Hayes,Labour,"Bournemouth East",https://www.theyworkforyou.com/mp/26566/tom_hayes/bournemouth_east
26496,Claire,Hazelgrove,Labour,"Filton and Bradley Stoke",https://www.theyworkforyou.com/mp/26496/claire_hazelgrove/filton_and_bradley_stoke
25154,Christopher,Hazzard,"Sinn Féin","South Down",https://www.theyworkforyou.com/mp/25154/christopher_hazzard/south_down
10268,John,Healey,Labour,"Rawmarsh and Conisbrough",https://www.theyworkforyou.com/mp/10268/john_healey/rawmarsh_and_conisbrough
10682,Mark,Hendrick,Labour/Co-operative,Preston,https://www.theyworkforyou.com/mp/10682/mark_hendrick/preston
26421,Pippa,Heylings,"Liberal Democrat","South Cambridgeshire",https://www.theyworkforyou.com/mp/26421/pippa_heylings/south_cambridgeshire
11605,Meg,Hillier,Labour/Co-operative,"Hackney South and Shoreditch",https://www.theyworkforyou.com/mp/11605/meg_hillier/hackney_south_and_shoreditch
26505,Chris,Hinchliff,Labour,"North East Hertfordshire",https://www.theyworkforyou.com/mp/26505/chris_hinchliff/north_east_hertfordshire
26522,Jonathan,Hinder,Labour,"Pendle and Clitheroe",https://www.theyworkforyou.com/mp/26522/jonathan_hinder/pendle_and_clitheroe
24782,Damian,Hinds,Conservative,"East Hampshire",https://www.theyworkforyou.com/mp/24782/damian_hinds/east_hampshire
25427,Simon,Hoare,Conservative,"North Dorset",https://www.theyworkforyou.com/mp/25427/simon_hoare/north_dorset
25648,Wera,Hobhouse,"Liberal Democrat",Bath,https://www.theyworkforyou.com/mp/25648/wera_hobhouse/bath
11592,Sharon,Hodgson,Labour,"Washington and Gateshead South",https://www.theyworkforyou.com/mp/11592/sharon_hodgson/washington_and_gateshead_south
25893,Richard,Holden,Conservative,"Basildon and Billericay",https://www.theyworkforyou.com/mp/25893/richard_holden/basildon_and_billericay
25415,Kevin,Hollinrake,Conservative,"Thirsk and Malton",https://www.theyworkforyou.com/mp/25415/kevin_hollinrake/thirsk_and_malton
25808,Paul,Holmes,Conservative,"Hamble Valley",https://www.theyworkforyou.com/mp/25808/paul_holmes/hamble_valley
25809,Rachel,Hopkins,Labour,"Luton South and South Bedfordshire",https://www.theyworkforyou.com/mp/25809/rachel_hopkins/luton_south_and_south_bedfordshire
10295,Lindsay,Hoyle,Speaker,Chorley,https://www.theyworkforyou.com/mp/10295/lindsay_hoyle/chorley
25381,Nigel,Huddleston,Conservative,"Droitwich and Evesham",https://www.theyworkforyou.com/mp/25381/nigel_huddleston/droitwich_and_evesham
25875,Neil,Hudson,Conservative,"Epping Forest",https://www.theyworkforyou.com/mp/25875/neil_hudson/epping_forest
26393,Claire,Hughes,Labour,"Bangor Aberconwy",https://www.theyworkforyou.com/mp/26393/claire_hughes/bangor_aberconwy
26470,Dáire,Hughes,"Sinn Féin","Newry and Armagh",https://www.theyworkforyou.com/mp/26470/daire_hughes/newry_and_armagh
26523,Alison,Hume,Labour,"Scarborough and Whitby",https://www.theyworkforyou.com/mp/26523/alison_hume/scarborough_and_whitby
11859,Jeremy,Hunt,Conservative,"Godalming and Ash",https://www.theyworkforyou.com/mp/11859/jeremy_hunt/godalming_and_ash
25284,Rupa,Huq,Labour,"Ealing Central and Acton",https://www.theyworkforyou.com/mp/25284/rupa_huq/ealing_central_and_acton
26463,Patrick,Hurley,Labour,Southport,https://www.theyworkforyou.com/mp/26463/patrick_hurley/southport
26595,Adnan,Hussain,Independent,Blackburn,https://www.theyworkforyou.com/mp/26595/adnan_hussain/blackburn
25375,Imran,Hussain,Labour,"Bradford East",https://www.theyworkforyou.com/mp/25375/imran_hussain/bradford_east
26392,Leigh,Ingham,Labour,Stafford,https://www.theyworkforyou.com/mp/26392/leigh_ingham/stafford
26404,Natasha,Irons,Labour,"Croydon East",https://www.theyworkforyou.com/mp/26404/natasha_irons/croydon_east
26406,Sally,Jameson,Labour/Co-operative,"Doncaster Central",https://www.theyworkforyou.com/mp/26406/sally_jameson/doncaster_central
25675,Christine,Jardine,"Liberal Democrat","Edinburgh West",https://www.theyworkforyou.com/mp/25675/christine_jardine/edinburgh_west
25067,Dan,Jarvis,Labour,"Barnsley North",https://www.theyworkforyou.com/mp/25067/dan_jarvis/barnsley_north
26325,Liz,Jarvis,"Liberal Democrat",Eastleigh,https://www.theyworkforyou.com/mp/26325/liz_jarvis/eastleigh
10312,Bernard,Jenkin,Conservative,"Harwich and North Essex",https://www.theyworkforyou.com/mp/10312/bernard_jenkin/harwich_and_north_essex
25227,Robert,Jenrick,Conservative,Newark,https://www.theyworkforyou.com/mp/25227/robert_jenrick/newark
26616,Terry,Jermy,Labour,"South West Norfolk",https://www.theyworkforyou.com/mp/26616/terry_jermy/south_west_norfolk
26541,Adam,Jogee,Labour,Newcastle-under-Lyme,https://www.theyworkforyou.com/mp/26541/adam_jogee/newcastle-under-lyme
25597,Caroline,Johnson,Conservative,"Sleaford and North Hykeham",https://www.theyworkforyou.com/mp/25597/dr_caroline_johnson/sleaford_and_north_hykeham
11647,"Diana R.",Johnson,Labour,"Kingston upon Hull North and Cottingham",https://www.theyworkforyou.com/mp/11647/diana_r._johnson/kingston_upon_hull_north_and_cottingham
25803,Kim,Johnson,Labour,"Liverpool Riverside",https://www.theyworkforyou.com/mp/25803/kim_johnson/liverpool_riverside
26377,Clive,Jones,"Liberal Democrat",Wokingham,https://www.theyworkforyou.com/mp/26377/clive_jones/wokingham
25637,Darren,Jones,Labour,"Bristol North West",https://www.theyworkforyou.com/mp/25637/darren_jones/bristol_north_west
25289,Gerald,Jones,Labour,"Merthyr Tydfil and Aberdare",https://www.theyworkforyou.com/mp/25289/gerald_jones/merthyr_tydfil_and_aberdare
26327,Lillian,Jones,Labour,"Kilmarnock and Loudoun",https://www.theyworkforyou.com/mp/26327/lillian_jones/kilmarnock_and_loudoun
26586,Louise,Jones,Labour,"North East Derbyshire",https://www.theyworkforyou.com/mp/26586/louise_jones/north_east_derbyshire
25746,Ruth,Jones,Labour,"Newport West and Islwyn",https://www.theyworkforyou.com/mp/25746/ruth_jones/newport_west_and_islwyn
25673,Sarah,Jones,Labour,"Croydon West",https://www.theyworkforyou.com/mp/25673/sarah_jones/croydon_west
26573,Lincoln,Jopp,Conservative,Spelthorne,https://www.theyworkforyou.com/mp/26573/lincoln_jopp/spelthorne
26348,Gurinder,Josan,Labour,Smethwick,https://www.theyworkforyou.com/mp/26348/gurinder_josan/smethwick
26578,Sojan,Joseph,Labour,Ashford,https://www.theyworkforyou.com/mp/26578/sojan_joseph/ashford
26533,Warinder,Juss,Labour,"Wolverhampton West",https://www.theyworkforyou.com/mp/26533/warinder_juss/wolverhampton_west
26415,Chris,Kane,Labour,"Stirling and Strathallan",https://www.theyworkforyou.com/mp/26415/chris_kane/stirling_and_strathallan
25220,Mike,Kane,Labour,"Wythenshawe and Sale East",https://www.theyworkforyou.com/mp/25220/mike_kane/wythenshawe_and_sale_east
26451,Satvir,Kaur,Labour,"Southampton Test",https://www.theyworkforyou.com/mp/26451/satvir_kaur/southampton_test
25906,Alicia,Kearns,Conservative,"Rutland and Stamford",https://www.theyworkforyou.com/mp/25906/alicia_kearns/rutland_and_stamford
24816,Liz,Kendall,Labour,"Leicester West",https://www.theyworkforyou.com/mp/24816/liz_kendall/leicester_west
25662,Afzal,Khan,Labour,"Manchester Rusholme",https://www.theyworkforyou.com/mp/25662/afzal_khan/manchester_rusholme
26631,Ayoub,Khan,Independent,"Birmingham Perry Barr",https://www.theyworkforyou.com/mp/26631/ayoub_khan/birmingham_perry_barr
26562,Naushabah,Khan,Labour,"Gillingham and Rainham",https://www.theyworkforyou.com/mp/26562/naushabah_khan/gillingham_and_rainham
25297,Stephen,Kinnock,Labour,"Aberafan Maesteg",https://www.theyworkforyou.com/mp/25297/stephen_kinnock/aberafan_maesteg
26525,Jayne,Kirkham,Labour/Co-operative,"Truro and Falmouth",https://www.theyworkforyou.com/mp/26525/jayne_kirkham/truro_and_falmouth
26288,Gen,Kitchen,Labour,"Wellingborough and Rushden",https://www.theyworkforyou.com/mp/26288/gen_kitchen/wellingborough_and_rushden
26570,Paul,Kohler,"Liberal Democrat",Wimbledon,https://www.theyworkforyou.com/mp/26570/paul_kohler/wimbledon
25913,Danny,Kruger,Conservative,"East Wiltshire",https://www.theyworkforyou.com/mp/25913/danny_kruger/east_wiltshire
26590,Sonia,Kumar,Labour,Dudley,https://www.theyworkforyou.com/mp/26590/sonia_kumar/dudley
26542,Uma,Kumaran,Labour,"Stratford and Bow",https://www.theyworkforyou.com/mp/26542/uma_kumaran/stratford_and_bow
25418,Peter,Kyle,Labour,"Hove and Portslade",https://www.theyworkforyou.com/mp/25418/peter_kyle/hove_and_portslade
26629,Laura,Kyrke-Smith,Labour,Aylesbury,https://www.theyworkforyou.com/mp/26629/laura_kyrke-smith/aylesbury
25669,Ben,Lake,"Plaid Cymru","Ceredigion Preseli",https://www.theyworkforyou.com/mp/25669/ben_lake/ceredigion_preseli
26588,Katie,Lam,Conservative,"Weald of Kent",https://www.theyworkforyou.com/mp/26588/katie_lam/weald_of_kent
26612,Peter,Lamb,Labour,Crawley,https://www.theyworkforyou.com/mp/26612/peter_lamb/crawley
10678,David,Lammy,Labour,Tottenham,https://www.theyworkforyou.com/mp/10678/david_lammy/tottenham
14026,John,Lamont,Conservative,"Berwickshire, Roxburgh and Selkirk",https://www.theyworkforyou.com/mp/14026/john_lamont/berwickshire%2C_roxburgh_and_selkirk
24963,Ian,Lavery,Labour,"Blyth and Ashington",https://www.theyworkforyou.com/mp/24963/ian_lavery/blyth_and_ashington
25270,Chris,Law,"Scottish National Party","Dundee Central",https://www.theyworkforyou.com/mp/25270/chris_law/dundee_central
26513,Noah,Law,Labour,"St Austell and Newquay",https://www.theyworkforyou.com/mp/26513/noah_law/st_austell_and_newquay
26040,Kim,Leadbeater,Labour,"Spen Valley",https://www.theyworkforyou.com/mp/26040/kim_leadbeater/spen_valley
26499,Graham,Leadbitter,"Scottish National Party","Moray West, Nairn and Strathspey",https://www.theyworkforyou.com/mp/26499/graham_leadbitter/moray_west%2C_nairn_and_strathspey
10352,Edward,Leigh,Conservative,Gainsborough,https://www.theyworkforyou.com/mp/10352/edward_leigh/gainsborough
26492,Brian,Leishman,Labour,"Alloa and Grangemouth",https://www.theyworkforyou.com/mp/26492/brian_leishman/alloa_and_grangemouth
25181,Emma,Lewell-Buck,Labour,"South Shields",https://www.theyworkforyou.com/mp/25181/emma_lewell-buck/south_shields
26376,Andrew,Lewin,Labour,"Welwyn Hatfield",https://www.theyworkforyou.com/mp/26376/andrew_lewin/welwyn_hatfield
25356,Clive,Lewis,Labour,"Norwich South",https://www.theyworkforyou.com/mp/25356/clive_lewis/norwich_south
10358,Julian,Lewis,Conservative,"New Forest East",https://www.theyworkforyou.com/mp/10358/julian_lewis/new_forest_east
26085,Simon,Lightwood,Labour/Co-operative,"Wakefield and Rothwell",https://www.theyworkforyou.com/mp/26085/simon_lightwood/wakefield_and_rothwell
25562,Carla,Lockhart,DUP,"Upper Bann",https://www.theyworkforyou.com/mp/25562/carla_lockhart/upper_bann
26534,Seamus,Logan,"Scottish National Party","Aberdeenshire North and Moray East",https://www.theyworkforyou.com/mp/26534/seamus_logan/aberdeenshire_north_and_moray_east
25368,Rebecca,Long-Bailey,Labour,Salford,https://www.theyworkforyou.com/mp/25368/rebecca_long-bailey/salford
25652,Julia,Lopez,Conservative,"Hornchurch and Upminster",https://www.theyworkforyou.com/mp/25652/julia_lopez/hornchurch_and_upminster
26361,Rupert,Lowe,"Reform UK","Great Yarmouth",https://www.theyworkforyou.com/mp/26361/rupert_lowe/great_yarmouth
26321,Josh,MacAlister,Labour,"Whitehaven and Workington",https://www.theyworkforyou.com/mp/26321/josh_macalister/whitehaven_and_workington
26581,James,MacCleary,"Liberal Democrat",Lewes,https://www.theyworkforyou.com/mp/26581/james_maccleary/lewes
26450,Alice,Macdonald,Labour/Co-operative,"Norwich North",https://www.theyworkforyou.com/mp/26450/alice_macdonald/norwich_north
26637,Angus,MacDonald,"Liberal Democrat","Inverness, Skye and West Ross-shire",https://www.theyworkforyou.com/mp/26637/angus_macdonald/inverness%2C_skye_and_west_ross-shire
26391,Andy,MacNae,Labour,"Rossendale and Darwen",https://www.theyworkforyou.com/mp/26391/andy_macnae/rossendale_and_darwen
25378,Justin,Madders,Labour,"Ellesmere Port and Bromborough",https://www.theyworkforyou.com/mp/25378/justin_madders/ellesmere_port_and_bromborough
26623,Ben,Maguire,"Liberal Democrat","North Cornwall",https://www.theyworkforyou.com/mp/26623/ben_maguire/north_cornwall
26627,Helen,Maguire,"Liberal Democrat","Epsom and Ewell",https://www.theyworkforyou.com/mp/26627/helen_maguire/epsom_and_ewell
24788,Shabana,Mahmood,Labour,"Birmingham Ladywood",https://www.theyworkforyou.com/mp/24788/shabana_mahmood/birmingham_ladywood
25285,Alan,Mak,Conservative,Havant,https://www.theyworkforyou.com/mp/25285/alan_mak/havant
25150,Seema,Malhotra,Labour/Co-operative,"Feltham and Heston",https://www.theyworkforyou.com/mp/25150/seema_malhotra/feltham_and_heston
26365,Cathal,Mallaghan,"Sinn Féin","Mid Ulster",https://www.theyworkforyou.com/mp/26365/cathal_mallaghan/mid_ulster
25346,Kit,Malthouse,Conservative,"North West Hampshire",https://www.theyworkforyou.com/mp/25346/kit_malthouse/north_west_hampshire
26430,Amanda,Martin,Labour,"Portsmouth North",https://www.theyworkforyou.com/mp/26430/amanda_martin/portsmouth_north
26398,Mike,Martin,"Liberal Democrat","Tunbridge Wells",https://www.theyworkforyou.com/mp/26398/mike_martin/tunbridge_wells
25433,Rachael,Maskell,Labour/Co-operative,"York Central",https://www.theyworkforyou.com/mp/25433/rachael_maskell/york_central
13904,Paul,Maskey,"Sinn Féin","Belfast West",https://www.theyworkforyou.com/mp/13904/paul_maskey/belfast_west
26271,Keir,Mather,Labour,Selby,https://www.theyworkforyou.com/mp/26271/keir_mather/selby
26509,Brian,Mathew,"Liberal Democrat","Melksham and Devizes",https://www.theyworkforyou.com/mp/26509/brian_mathew/melksham_and_devizes
26395,Alex,Mayer,Labour,"Dunstable and Leighton Buzzard",https://www.theyworkforyou.com/mp/26395/alex_mayer/dunstable_and_leighton_buzzard
25904,Jerome,Mayhew,Conservative,"Broadland and Fakenham",https://www.theyworkforyou.com/mp/25904/jerome_mayhew/broadland_and_fakenham
26544,Charlie,Maynard,"Liberal Democrat",Witney,https://www.theyworkforyou.com/mp/26544/charlie_maynard/witney
26334,Douglas,McAllister,Labour,"West Dunbartonshire",https://www.theyworkforyou.com/mp/26334/douglas_mcallister/west_dunbartonshire
11455,Kerry,McCarthy,Labour,"Bristol East",https://www.theyworkforyou.com/mp/11455/kerry_mccarthy/bristol_east
26427,Martin,McCluskey,Labour,"Inverclyde and Renfrewshire West",https://www.theyworkforyou.com/mp/26427/martin_mccluskey/inverclyde_and_renfrewshire_west
10381,Siobhain,McDonagh,Labour,"Mitcham and Morden",https://www.theyworkforyou.com/mp/10381/siobhain_mcdonagh/mitcham_and_morden
25169,Andy,McDonald,Labour,"Middlesbrough and Thornaby East",https://www.theyworkforyou.com/mp/25169/andy_mcdonald/middlesbrough_and_thornaby_east
26367,Chris,McDonald,Labour,"Stockton North",https://www.theyworkforyou.com/mp/26367/chris_mcdonald/stockton_north
10383,"John Martin",McDonnell,Labour,"Hayes and Harlington",https://www.theyworkforyou.com/mp/10383/john_martin_mcdonnell/hayes_and_harlington
26490,Blair,McDougall,Labour,"East Renfrewshire",https://www.theyworkforyou.com/mp/26490/blair_mcdougall/east_renfrewshire
26315,Lola,McEvoy,Labour,Darlington,https://www.theyworkforyou.com/mp/26315/lola_mcevoy/darlington
11936,Pat,McFadden,Labour,"Wolverhampton South East",https://www.theyworkforyou.com/mp/11936/pat_mcfadden/wolverhampton_south_east
24897,Alison,McGovern,Labour,Birkenhead,https://www.theyworkforyou.com/mp/24897/alison_mcgovern/birkenhead
26434,Alex,McIntyre,Labour,Gloucester,https://www.theyworkforyou.com/mp/26434/alex_mcintyre/gloucester
26462,Gordon,McKee,Labour,"Glasgow South",https://www.theyworkforyou.com/mp/26462/gordon_mckee/glasgow_south
26529,Kevin,McKenna,Labour,"Sittingbourne and Sheppey",https://www.theyworkforyou.com/mp/26529/kevin_mckenna/sittingbourne_and_sheppey
24818,Catherine,McKinnell,Labour,"Newcastle upon Tyne North",https://www.theyworkforyou.com/mp/24818/catherine_mckinnell/newcastle_upon_tyne_north
25475,Jim,McMahon,Labour/Co-operative,"Oldham West, Chadderton and Royton",https://www.theyworkforyou.com/mp/25475/jim_mcmahon/oldham_west%2C_chadderton_and_royton
25647,Anna,McMorrin,Labour,"Cardiff North",https://www.theyworkforyou.com/mp/25647/anna_mcmorrin/cardiff_north
26636,James,McMurdock,"Reform UK","South Basildon and East Thurrock",https://www.theyworkforyou.com/mp/26636/james_mcmurdock/south_basildon_and_east_thurrock
26424,Frank,McNally,Labour,"Coatbridge and Bellshill",https://www.theyworkforyou.com/mp/26424/frank_mcnally/coatbridge_and_bellshill
26460,Kirsty,McNeill,Labour/Co-operative,Midlothian,https://www.theyworkforyou.com/mp/26460/kirsty_mcneill/midlothian
24882,Esther,McVey,Conservative,Tatton,https://www.theyworkforyou.com/mp/24882/esther_mcvey/tatton
26454,Llinos,Medi,"Plaid Cymru","Ynys Môn",https://www.theyworkforyou.com/mp/26454/llinos_medi/ynys_mon
26318,Anneliese,Midgley,Labour,Knowsley,https://www.theyworkforyou.com/mp/26318/anneliese_midgley/knowsley
11545,Ed,Miliband,Labour,"Doncaster North",https://www.theyworkforyou.com/mp/11545/ed_miliband/doncaster_north
26617,Calum,Miller,"Liberal Democrat","Bicester and Woodstock",https://www.theyworkforyou.com/mp/26617/calum_miller/bicester_and_woodstock
26624,John,Milne,"Liberal Democrat",Horsham,https://www.theyworkforyou.com/mp/26624/john_milne/horsham
26403,Julie,Minns,Labour,Carlisle,https://www.theyworkforyou.com/mp/26403/julie_minns/carlisle
25836,Navendu,Mishra,Labour,Stockport,https://www.theyworkforyou.com/mp/25836/navendu_mishra/stockport
11115,Andrew,Mitchell,Conservative,"Sutton Coldfield",https://www.theyworkforyou.com/mp/11115/andrew_mitchell/sutton_coldfield
26413,Abtisam,Mohamed,Labour,"Sheffield Central",https://www.theyworkforyou.com/mp/26413/abtisam_mohamed/sheffield_central
26620,Iqbal,Mohamed,Independent,"Dewsbury and Batley",https://www.theyworkforyou.com/mp/26620/iqbal_mohamed/dewsbury_and_batley
25920,Gagan,Mohindra,Conservative,"South West Hertfordshire",https://www.theyworkforyou.com/mp/25920/gagan_mohindra/south_west_hertfordshire
26482,Perran,Moon,Labour,"Camborne and Redruth",https://www.theyworkforyou.com/mp/26482/perran_moon/camborne_and_redruth
25922,Robbie,Moore,Conservative,"Keighley and Ilkley",https://www.theyworkforyou.com/mp/25922/robbie_moore/keighley_and_ilkley
25689,Layla,Moran,"Liberal Democrat","Oxford West and Abingdon",https://www.theyworkforyou.com/mp/25689/layla_moran/oxford_west_and_abingdon
11732,Jessica,Morden,Labour,"Newport East",https://www.theyworkforyou.com/mp/11732/jessica_morden/newport_east
26604,Edward,Morello,"Liberal Democrat","West Dorset",https://www.theyworkforyou.com/mp/26604/edward_morello/west_dorset
26056,Helen,Morgan,"Liberal Democrat","North Shropshire",https://www.theyworkforyou.com/mp/26056/helen_morgan/north_shropshire
25658,Stephen,Morgan,Labour,"Portsmouth South",https://www.theyworkforyou.com/mp/25658/stephen_morgan/portsmouth_south
24715,Grahame,Morris,Labour,Easington,https://www.theyworkforyou.com/mp/24715/grahame_morris/easington
26468,Joe,Morris,Labour,Hexham,https://www.theyworkforyou.com/mp/26468/joe_morris/hexham
26400,Tom,Morrison,"Liberal Democrat",Cheadle,https://www.theyworkforyou.com/mp/26400/tom_morrison/cheadle
25878,Joy,Morrissey,Conservative,Beaconsfield,https://www.theyworkforyou.com/mp/25878/joy_morrissey/beaconsfield
25342,Wendy,Morton,Conservative,Aldridge-Brownhills,https://www.theyworkforyou.com/mp/25342/wendy_morton/aldridge-brownhills
25883,Kieran,Mullan,Conservative,"Bexhill and Battle",https://www.theyworkforyou.com/mp/25883/kieran_mullan/bexhill_and_battle
26495,Margaret,Mullane,Labour,"Dagenham and Rainham",https://www.theyworkforyou.com/mp/26495/margaret_mullane/dagenham_and_rainham
11970,David,Mundell,Conservative,"Dumfriesshire, Clydesdale and Tweeddale",https://www.theyworkforyou.com/mp/11970/david_mundell/dumfriesshire%2C_clydesdale_and_tweeddale
24942,Tessa,Munt,"Liberal Democrat","Wells and Mendip Hills",https://www.theyworkforyou.com/mp/24942/tessa_munt/wells_and_mendip_hills
26488,Luke,Murphy,Labour,Basingstoke,https://www.theyworkforyou.com/mp/26488/luke_murphy/basingstoke
26611,Chris,Murray,Labour,"Edinburgh East and Musselburgh",https://www.theyworkforyou.com/mp/26611/chris_murray/edinburgh_east_and_musselburgh
24872,Ian,Murray,Labour,"Edinburgh South",https://www.theyworkforyou.com/mp/24872/ian_murray/edinburgh_south
25801,James,Murray,Labour/Co-operative,"Ealing North",https://www.theyworkforyou.com/mp/25801/james_murray/ealing_north
26494,Katrina,Murray,Labour,"Cumbernauld and Kirkintilloch",https://www.theyworkforyou.com/mp/26494/katrina_murray/cumbernauld_and_kirkintilloch
26429,Susan,Murray,"Liberal Democrat","Mid Dunbartonshire",https://www.theyworkforyou.com/mp/26429/susan_murray/mid_dunbartonshire
11132,Andrew,Murrison,Conservative,"South West Wiltshire",https://www.theyworkforyou.com/mp/11132/andrew_murrison/south_west_wiltshire
26411,Luke,Myer,Labour,"Middlesbrough South and East Cleveland",https://www.theyworkforyou.com/mp/26411/luke_myer/middlesbrough_south_and_east_cleveland
26329,James,Naish,Labour,Rushcliffe,https://www.theyworkforyou.com/mp/26329/james_naish/rushcliffe
26506,Connor,Naismith,Labour,"Crewe and Nantwich",https://www.theyworkforyou.com/mp/26506/connor_naismith/crewe_and_nantwich
24831,Lisa,Nandy,Labour,Wigan,https://www.theyworkforyou.com/mp/24831/lisa_nandy/wigan
26333,Kanishka,Narayan,Labour,"Vale of Glamorgan",https://www.theyworkforyou.com/mp/26333/kanishka_narayan/vale_of_glamorgan
24737,Pamela,Nash,Labour,"Motherwell, Wishaw and Carluke",https://www.theyworkforyou.com/mp/24737/pamela_nash/motherwell%2C_wishaw_and_carluke
26317,Josh,Newbury,Labour,"Cannock Chase",https://www.theyworkforyou.com/mp/26317/josh_newbury/cannock_chase
26414,Samantha,Niblett,Labour,"South Derbyshire",https://www.theyworkforyou.com/mp/26414/samantha_niblett/south_derbyshire
25885,Charlotte,Nichols,Labour,"Warrington North",https://www.theyworkforyou.com/mp/25885/charlotte_nichols/warrington_north
24809,Caroline,Nokes,Conservative,"Romsey and Southampton North",https://www.theyworkforyou.com/mp/24809/caroline_nokes/romsey_and_southampton_north
24827,Jesse,Norman,Conservative,"Hereford and South Herefordshire",https://www.theyworkforyou.com/mp/24827/jesse_norman/hereford_and_south_herefordshire
25687,Alex,Norris,Labour/Co-operative,"Nottingham North and Kimberley",https://www.theyworkforyou.com/mp/25687/alex_norris/nottingham_north_and_kimberley
10458,Dan,Norris,Labour,"North East Somerset and Hanham",https://www.theyworkforyou.com/mp/10458/dan_norris/north_east_somerset_and_hanham
25679,Neil,O'Brien,Conservative,"Harborough, Oadby and Wigston",https://www.theyworkforyou.com/mp/25679/neil_o%27brien/harborough%2C_oadby_and_wigston
25370,Brendan,O'Hara,"Scottish National Party","Argyll, Bute and South Lochaber",https://www.theyworkforyou.com/mp/25370/brendan_o%27hara/argyll%2C_bute_and_south_lochaber
26354,Ben,Obese-Jecty,Conservative,Huntingdon,https://www.theyworkforyou.com/mp/26354/ben_obese-jecty/huntingdon
25596,Sarah,Olney,"Liberal Democrat","Richmond Park",https://www.theyworkforyou.com/mp/25596/sarah_olney/richmond_park
25317,Melanie,Onn,Labour,"Great Grimsby and Cleethorpes",https://www.theyworkforyou.com/mp/25317/melanie_onn/great_grimsby_and_cleethorpes
24807,Chi,Onwurah,Labour,"Newcastle upon Tyne Central and West",https://www.theyworkforyou.com/mp/24807/chi_onwurah/newcastle_upon_tyne_central_and_west
26313,Simon,Opher,Labour,Stroud,https://www.theyworkforyou.com/mp/26313/simon_opher/stroud
25846,Abena,Oppong-Asare,Labour,"Erith and Thamesmead",https://www.theyworkforyou.com/mp/25846/abena_oppong-asare/erith_and_thamesmead
25365,Kate,Osamor,Labour/Co-operative,"Edmonton and Winchmore Hill",https://www.theyworkforyou.com/mp/25365/kate_osamor/edmonton_and_winchmore_hill
25794,Kate,Osborne,Labour,"Jarrow and Gateshead East",https://www.theyworkforyou.com/mp/25794/kate_osborne/jarrow_and_gateshead_east
26589,Tristan,Osborne,Labour,"Chatham and Aylesford",https://www.theyworkforyou.com/mp/26589/tristan_osborne/chatham_and_aylesford
25915,Taiwo,Owatemi,Labour,"Coventry North West",https://www.theyworkforyou.com/mp/25915/taiwo_owatemi/coventry_north_west
25823,Sarah,Owen,Labour,"Luton North",https://www.theyworkforyou.com/mp/25823/sarah_owen/luton_north
26431,Darren,Paffey,Labour,"Southampton Itchen",https://www.theyworkforyou.com/mp/26431/darren_paffey/southampton_itchen
26601,Andrew,Pakes,Labour/Co-operative,Peterborough,https://www.theyworkforyou.com/mp/26601/andrew_pakes/peterborough
24778,Priti,Patel,Conservative,Witham,https://www.theyworkforyou.com/mp/24778/priti_patel/witham
26432,Matthew,Patrick,Labour,"Wirral West",https://www.theyworkforyou.com/mp/26432/matthew_patrick/wirral_west
26466,Rebecca,Paul,Conservative,Reigate,https://www.theyworkforyou.com/mp/26466/rebecca_paul/reigate
26408,Michael,Payne,Labour,Gedling,https://www.theyworkforyou.com/mp/26408/michael_payne/gedling
25617,Stephanie,Peacock,Labour,"Barnsley South",https://www.theyworkforyou.com/mp/25617/stephanie_peacock/barnsley_south
26362,Jonathan,Pearce,Labour,"High Peak",https://www.theyworkforyou.com/mp/26362/jonathan_pearce/high_peak
25379,Matthew,Pennycook,Labour,"Greenwich and Woolwich",https://www.theyworkforyou.com/mp/25379/matthew_pennycook/greenwich_and_woolwich
24845,Toby,Perkins,Labour,Chesterfield,https://www.theyworkforyou.com/mp/24845/toby_perkins/chesterfield
26569,Manuela,Perteghella,"Liberal Democrat",Stratford-on-Avon,https://www.theyworkforyou.com/mp/26569/manuela_perteghella/stratford-on-avon
25364,Jess,Phillips,Labour,"Birmingham Yardley",https://www.theyworkforyou.com/mp/25364/jess_phillips/birmingham_yardley
24709,Bridget,Phillipson,Labour,"Houghton and Sunderland South",https://www.theyworkforyou.com/mp/24709/bridget_phillipson/houghton_and_sunderland_south
25377,Chris,Philp,Conservative,"Croydon South",https://www.theyworkforyou.com/mp/25377/chris_philp/croydon_south
26593,Al,Pinkerton,"Liberal Democrat","Surrey Heath",https://www.theyworkforyou.com/mp/26593/al_pinkerton/surrey_heath
26632,David,Pinto-Duschinsky,Labour,Hendon,https://www.theyworkforyou.com/mp/26632/david_pinto-duschinsky/hendon
26464,Lee,Pitcher,Labour,"Doncaster East and the Isle of Axholme",https://www.theyworkforyou.com/mp/26464/lee_pitcher/doncaster_east_and_the_isle_of_axholme
25611,Jo,Platt,Labour/Co-operative,"Leigh and Atherton",https://www.theyworkforyou.com/mp/25611/jo_platt/leigh_and_atherton
25690,Luke,Pollard,Labour/Co-operative,"Plymouth Sutton and Devonport",https://www.theyworkforyou.com/mp/25690/luke_pollard/plymouth_sutton_and_devonport
26477,Joe,Powell,Labour,"Kensington and Bayswater",https://www.theyworkforyou.com/mp/26477/joe_powell/kensington_and_bayswater
25165,Lucy,Powell,Labour/Co-operative,"Manchester Central",https://www.theyworkforyou.com/mp/25165/lucy_powell/manchester_central
26428,Gregor,Poynton,Labour,Livingston,https://www.theyworkforyou.com/mp/26428/gregor_poynton/livingston
26383,Peter,Prinsley,Labour,"Bury St Edmunds and Stowmarket",https://www.theyworkforyou.com/mp/26383/peter_prinsley/bury_st_edmunds_and_stowmarket
11946,Mark,Pritchard,Conservative,"The Wrekin",https://www.theyworkforyou.com/mp/11946/mark_pritchard/the_wrekin
26373,Richard,Quigley,Labour,"Isle of Wight West",https://www.theyworkforyou.com/mp/26373/richard_quigley/isle_of_wight_west
24775,Yasmin,Qureshi,Labour,"Bolton South and Walkden",https://www.theyworkforyou.com/mp/24775/yasmin_qureshi/bolton_south_and_walkden
26345,Steve,Race,Labour,Exeter,https://www.theyworkforyou.com/mp/26345/steve_race/exeter
26363,Shivani,Raja,Conservative,"Leicester East",https://www.theyworkforyou.com/mp/26363/shivani_raja/leicester_east
26514,Adrian,Ramsay,Green,"Waveney Valley",https://www.theyworkforyou.com/mp/26514/adrian_ramsay/waveney_valley
26473,Connor,Rand,Labour,"Altrincham and Sale West",https://www.theyworkforyou.com/mp/26473/connor_rand/altrincham_and_sale_west
26336,Andrew,Ranger,Labour,Wrexham,https://www.theyworkforyou.com/mp/26336/andrew_ranger/wrexham
26622,Jack,Rankin,Conservative,Windsor,https://www.theyworkforyou.com/mp/26622/jack_rankin/windsor
25429,Angela,Rayner,Labour,Ashton-under-Lyne,https://www.theyworkforyou.com/mp/25429/angela_rayner/ashton-under-lyne
26630,Mike,Reader,Labour,"Northampton South",https://www.theyworkforyou.com/mp/26630/mike_reader/northampton_south
26628,David,Reed,Conservative,"Exmouth and Exeter East",https://www.theyworkforyou.com/mp/26628/david_reed/exmouth_and_exeter_east
25170,Steve,Reed,Labour/Co-operative,"Streatham and Croydon North",https://www.theyworkforyou.com/mp/25170/steve_reed/streatham_and_croydon_north
25681,Ellie,Reeves,Labour,"Lewisham West and East Dulwich",https://www.theyworkforyou.com/mp/25681/ellie_reeves/lewisham_west_and_east_dulwich
24851,Rachel,Reeves,Labour,"Leeds West and Pudsey",https://www.theyworkforyou.com/mp/24851/rachel_reeves/leeds_west_and_pudsey
26418,Joani,Reid,Labour,"East Kilbride and Strathaven",https://www.theyworkforyou.com/mp/26418/joani_reid/east_kilbride_and_strathaven
24868,Emma,Reynolds,Labour,Wycombe,https://www.theyworkforyou.com/mp/24868/emma_reynolds/wycombe
24929,Jonathan,Reynolds,Labour/Co-operative,"Stalybridge and Hyde",https://www.theyworkforyou.com/mp/24929/jonathan_reynolds/stalybridge_and_hyde
26608,Joshua,Reynolds,"Liberal Democrat",Maidenhead,https://www.theyworkforyou.com/mp/26608/joshua_reynolds/maidenhead
26575,Martin,Rhodes,Labour,"Glasgow North",https://www.theyworkforyou.com/mp/26575/martin_rhodes/glasgow_north
25856,Bell,Ribeiro-Addy,Labour,"Clapham and Brixton Hill",https://www.theyworkforyou.com/mp/25856/bell_ribeiro-addy/clapham_and_brixton_hill
26486,Jake,Richards,Labour,"Rother Valley",https://www.theyworkforyou.com/mp/26486/jake_richards/rother_valley
26472,Jenny,Riddell-Carpenter,Labour,"Suffolk Coastal",https://www.theyworkforyou.com/mp/26472/jenny_riddell-carpenter/suffolk_coastal
26596,Lucy,Rigby,Labour,"Northampton North",https://www.theyworkforyou.com/mp/26596/lucy_rigby/northampton_north
25321,Marie,Rimmer,Labour,"St Helens South and Whiston",https://www.theyworkforyou.com/mp/25321/marie_rimmer/st_helens_south_and_whiston
26374,Dave,Robertson,Labour,Lichfield,https://www.theyworkforyou.com/mp/26374/dave_robertson/lichfield
26504,Joe,Robertson,Conservative,"Isle of Wight East",https://www.theyworkforyou.com/mp/26504/joe_robertson/isle_of_wight_east
25280,Gavin,Robinson,DUP,"Belfast East",https://www.theyworkforyou.com/mp/25280/gavin_robinson/belfast_east
26549,Tim,Roca,Labour,Macclesfield,https://www.theyworkforyou.com/mp/26549/tim_roca/macclesfield
25691,Matt,Rodda,Labour,"Reading Central",https://www.theyworkforyou.com/mp/25691/matt_rodda/reading_central
26388,Ian,Roome,"Liberal Democrat","North Devon",https://www.theyworkforyou.com/mp/26388/ian_roome/north_devon
11199,Andrew,Rosindell,Conservative,Romford,https://www.theyworkforyou.com/mp/11199/andrew_rosindell/romford
26323,Sam,Rushworth,Labour,"Bishop Auckland",https://www.theyworkforyou.com/mp/26323/sam_rushworth/bishop_auckland
26571,Sarah,Russell,Labour,Congleton,https://www.theyworkforyou.com/mp/26571/sarah_russell/congleton
26467,Tom,Rutland,Labour,"East Worthing and Shoreham",https://www.theyworkforyou.com/mp/26467/tom_rutland/east_worthing_and_shoreham
26381,Oliver,Ryan,Labour/Co-operative,Burnley,https://www.theyworkforyou.com/mp/26381/oliver_ryan/burnley
26497,Anna,Sabine,"Liberal Democrat","Frome and East Somerset",https://www.theyworkforyou.com/mp/26497/anna_sabine/frome_and_east_somerset
26438,Sarah,Sackman,Labour,"Finchley and Golders Green",https://www.theyworkforyou.com/mp/26438/sarah_sackman/finchley_and_golders_green
26521,Jeevun,Sandher,Labour,Loughborough,https://www.theyworkforyou.com/mp/26521/jeevun_sandher/loughborough
26603,Roz,Savage,"Liberal Democrat","South Cotswolds",https://www.theyworkforyou.com/mp/26603/roz_savage/south_cotswolds
25302,Liz,Saville-Roberts,"Plaid Cymru","Dwyfor Meirionnydd",https://www.theyworkforyou.com/mp/25302/liz_saville-roberts/dwyfor_meirionnydd
26322,Michelle,Scrogham,Labour,"Barrow and Furness",https://www.theyworkforyou.com/mp/26322/michelle_scrogham/barrow_and_furness
26440,Mark,Sewards,Labour,"Leeds South West and Morley",https://www.theyworkforyou.com/mp/26440/mark_sewards/leeds_south_west_and_morley
25385,Naseem,Shah,Labour,"Bradford West",https://www.theyworkforyou.com/mp/25385/naseem_shah/bradford_west
26489,Baggy,Shanker,Labour/Co-operative,"Derby South",https://www.theyworkforyou.com/mp/26489/baggy_shanker/derby_south
26276,Michael,Shanks,Labour,Rutherglen,https://www.theyworkforyou.com/mp/26276/michael_shanks/rutherglen
13864,Jim,Shannon,DUP,Strangford,https://www.theyworkforyou.com/mp/13864/jim_shannon/strangford
26437,Neil,Shastri-Hurst,Conservative,"Solihull West and Shirley",https://www.theyworkforyou.com/mp/26437/neil_shastri-hurst/solihull_west_and_shirley
24893,Alec,Shelbrooke,Conservative,"Wetherby and Easingwold",https://www.theyworkforyou.com/mp/24893/alec_shelbrooke/wetherby_and_easingwold
25344,Tulip,Siddiq,Labour,"Hampstead and Highgate",https://www.theyworkforyou.com/mp/25344/tulip_siddiq/hampstead_and_highgate
25892,David,Simmonds,Conservative,"Ruislip, Northwood and Pinner",https://www.theyworkforyou.com/mp/25892/david_simmonds/ruislip%2C_northwood_and_pinner
26328,Josh,Simons,Labour,Makerfield,https://www.theyworkforyou.com/mp/26328/josh_simons/makerfield
26582,Vikki,Slade,"Liberal Democrat","Mid Dorset and North Poole",https://www.theyworkforyou.com/mp/26582/vikki_slade/mid_dorset_and_north_poole
11559,Andrew,Slaughter,Labour,"Hammersmith and Chiswick",https://www.theyworkforyou.com/mp/11559/andrew_slaughter/hammersmith_and_chiswick
26564,John,Slinger,Labour,Rugby,https://www.theyworkforyou.com/mp/26564/john_slinger/rugby
26556,Lisa,Smart,"Liberal Democrat","Hazel Grove",https://www.theyworkforyou.com/mp/26556/lisa_smart/hazel_grove
25432,Cat,Smith,Labour,"Lancaster and Wyre",https://www.theyworkforyou.com/mp/25432/cat_smith/lancaster_and_wyre
26606,David,Smith,Labour,"North Northumberland",https://www.theyworkforyou.com/mp/26606/david_smith/north_northumberland
25925,Greg,Smith,Conservative,"Mid Buckinghamshire",https://www.theyworkforyou.com/mp/25925/greg_smith/mid_buckinghamshire
25366,Jeff,Smith,Labour,"Manchester Withington",https://www.theyworkforyou.com/mp/25366/jeff_smith/manchester_withington
24961,Julian,Smith,Conservative,"Skipton and Ripon",https://www.theyworkforyou.com/mp/24961/julian_smith/skipton_and_ripon
24728,Nick,Smith,Labour,"Blaenau Gwent and Rhymney",https://www.theyworkforyou.com/mp/24728/nick_smith/blaenau_gwent_and_rhymney
26512,Rebecca,Smith,Conservative,"South West Devon",https://www.theyworkforyou.com/mp/26512/rebecca_smith/south_west_devon
26410,Sarah,Smith,Labour,Hyndburn,https://www.theyworkforyou.com/mp/26410/sarah_smith/hyndburn
25390,Karin,Smyth,Labour,"Bristol South",https://www.theyworkforyou.com/mp/25390/karin_smyth/bristol_south
25601,Gareth,Snell,Labour/Co-operative,"Stoke-on-Trent Central",https://www.theyworkforyou.com/mp/25601/gareth_snell/stoke-on-trent_central
26347,Andrew,Snowden,Conservative,Fylde,https://www.theyworkforyou.com/mp/26347/andrew_snowden/fylde
25680,Alex,Sobel,Labour/Co-operative,"Leeds Central and Headingley",https://www.theyworkforyou.com/mp/25680/alex_sobel/leeds_central_and_headingley
26457,Ian,Sollom,"Liberal Democrat","St Neots and Mid Cambridgeshire",https://www.theyworkforyou.com/mp/26457/ian_sollom/st_neots_and_mid_cambridgeshire
25889,Ben,Spencer,Conservative,"Runnymede and Weybridge",https://www.theyworkforyou.com/mp/25889/ben_spencer/runnymede_and_weybridge
26579,Patrick,Spencer,Conservative,"Central Suffolk and North Ipswich",https://www.theyworkforyou.com/mp/26579/patrick_spencer/central_suffolk_and_north_ipswich
26626,Gregory,Stafford,Conservative,"Farnham and Bordon",https://www.theyworkforyou.com/mp/26626/gregory_stafford/farnham_and_bordon
26407,Euan,Stainbank,Labour,Falkirk,https://www.theyworkforyou.com/mp/26407/euan_stainbank/falkirk
25353,Keir,Starmer,Labour,"Holborn and St Pancras",https://www.theyworkforyou.com/mp/25353/keir_starmer/holborn_and_st_pancras
26355,Blake,Stephenson,Conservative,"Mid Bedfordshire",https://www.theyworkforyou.com/mp/26355/blake_stephenson/mid_bedfordshire
25304,Jo,Stevens,Labour,"Cardiff East",https://www.theyworkforyou.com/mp/25304/jo_stevens/cardiff_east
26535,Kenneth,Stevenson,Labour,"Airdrie and Shotts",https://www.theyworkforyou.com/mp/26535/kenneth_stevenson/airdrie_and_shotts
26598,Elaine,Stewart,Labour,"Ayr, Carrick and Cumnock",https://www.theyworkforyou.com/mp/26598/elaine_stewart/ayr%2C_carrick_and_cumnock
25668,Jamie,Stone,"Liberal Democrat","Caithness, Sutherland and Easter Ross",https://www.theyworkforyou.com/mp/25668/jamie_stone/caithness%2C_sutherland_and_easter_ross
26320,Will,Stone,Labour,"Swindon North",https://www.theyworkforyou.com/mp/26320/will_stone/swindon_north
26278,Alistair,Strathern,Labour,Hitchin,https://www.theyworkforyou.com/mp/26278/alistair_strathern/hitchin
25320,Wes,Streeting,Labour,"Ilford North",https://www.theyworkforyou.com/mp/25320/wes_streeting/ilford_north
26448,Alan,Strickland,Labour,"Newton Aycliffe and Spennymoor",https://www.theyworkforyou.com/mp/26448/alan_strickland/newton_aycliffe_and_spennymoor
24914,Mel,Stride,Conservative,"Central Devon",https://www.theyworkforyou.com/mp/24914/mel_stride/central_devon
10576,Graham,Stringer,Labour,"Blackley and Middleton South",https://www.theyworkforyou.com/mp/10576/graham_stringer/blackley_and_middleton_south
11406,Graham,Stuart,Conservative,"Beverley and Holderness",https://www.theyworkforyou.com/mp/11406/graham_stuart/beverley_and_holderness
26501,Kirsteen,Sullivan,Labour/Co-operative,"Bathgate and Linlithgow",https://www.theyworkforyou.com/mp/26501/kirsteen_sullivan/bathgate_and_linlithgow
26435,Lauren,Sullivan,Labour,Gravesham,https://www.theyworkforyou.com/mp/26435/lauren_sullivan/gravesham
25909,Zarah,Sultana,Labour,"Coventry South",https://www.theyworkforyou.com/mp/25909/zarah_sultana/coventry_south
25428,Rishi,Sunak,Conservative,"Richmond and Northallerton",https://www.theyworkforyou.com/mp/25428/rishi_sunak/richmond_and_northallerton
26369,Peter,Swallow,Labour,Bracknell,https://www.theyworkforyou.com/mp/26369/peter_swallow/bracknell
25141,Robin,Swann,UUP,"South Antrim",https://www.theyworkforyou.com/mp/25141/robin_swann/south_antrim
10580,Desmond,Swayne,Conservative,"New Forest West",https://www.theyworkforyou.com/mp/10580/desmond_swayne/new_forest_west
11267,Mark,Tami,Labour,"Alyn and Deeside",https://www.theyworkforyou.com/mp/11267/mark_tami/alyn_and_deeside
26605,Mike,Tapp,Labour,"Dover and Deal",https://www.theyworkforyou.com/mp/26605/mike_tapp/dover_and_deal
26563,Alison,Taylor,Labour,"Paisley and Renfrewshire North",https://www.theyworkforyou.com/mp/26563/alison_taylor/paisley_and_renfrewshire_north
26576,David,Taylor,Labour,"Hemel Hempstead",https://www.theyworkforyou.com/mp/26576/david_taylor/hemel_hempstead
26443,Luke,Taylor,"Liberal Democrat","Sutton and Cheam",https://www.theyworkforyou.com/mp/26443/luke_taylor/sutton_and_cheam
26478,Rachel,Taylor,Labour,"North Warwickshire and Bedworth",https://www.theyworkforyou.com/mp/26478/rachel_taylor/north_warwickshire_and_bedworth
26561,Bradley,Thomas,Conservative,Bromsgrove,https://www.theyworkforyou.com/mp/26561/bradley_thomas/bromsgrove
26532,Cameron,Thomas,"Liberal Democrat",Tewkesbury,https://www.theyworkforyou.com/mp/26532/cameron_thomas/tewkesbury
26441,Fred,Thomas,Labour,"Plymouth Moor View",https://www.theyworkforyou.com/mp/26441/fred_thomas/plymouth_moor_view
10594,Gareth,Thomas,Labour/Co-operative,"Harrow West",https://www.theyworkforyou.com/mp/10594/gareth_thomas/harrow_west
25279,Nick,Thomas-Symonds,Labour,Torfaen,https://www.theyworkforyou.com/mp/25279/nick_thomas-symonds/torfaen
26326,Adam,Thompson,Labour,Erewash,https://www.theyworkforyou.com/mp/26326/adam_thompson/erewash
11656,Emily,Thornberry,Labour,"Islington South and Finsbury",https://www.theyworkforyou.com/mp/11656/emily_thornberry/islington_south_and_finsbury
26399,Richard,Tice,"Reform UK","Boston and Skegness",https://www.theyworkforyou.com/mp/26399/richard_tice/boston_and_skegness
26390,Marie,Tidball,Labour,"Penistone and Stocksbridge",https://www.theyworkforyou.com/mp/26390/marie_tidball/penistone_and_stocksbridge
10596,Stephen,Timms,Labour,"East Ham",https://www.theyworkforyou.com/mp/10596/stephen_timms/east_ham
26335,Nick,Timothy,Conservative,"West Suffolk",https://www.theyworkforyou.com/mp/26335/nick_timothy/west_suffolk
26567,Jessica,Toale,Labour,"Bournemouth West",https://www.theyworkforyou.com/mp/26567/jessica_toale/bournemouth_west
26502,Dan,Tomlinson,Labour,"Chipping Barnet",https://www.theyworkforyou.com/mp/26502/dan_tomlinson/chipping_barnet
10604,Jon,Trickett,Labour,"Normanton and Hemsworth",https://www.theyworkforyou.com/mp/10604/jon_trickett/normanton_and_hemsworth
25851,Laura,Trott,Conservative,Sevenoaks,https://www.theyworkforyou.com/mp/25851/laura_trott/sevenoaks
26387,Henry,Tufnell,Labour,"Mid and South Pembrokeshire",https://www.theyworkforyou.com/mp/26387/henry_tufnell/mid_and_south_pembrokeshire
25374,Thomas,Tugendhat,Conservative,Tonbridge,https://www.theyworkforyou.com/mp/25374/thomas_tugendhat/tonbridge
25313,Anna,Turley,Labour/Co-operative,Redcar,https://www.theyworkforyou.com/mp/25313/anna_turley/redcar
26417,Matt,Turmaine,Labour,Watford,https://www.theyworkforyou.com/mp/26417/matt_turmaine/watford
24767,Karl,Turner,Labour,"Kingston upon Hull East",https://www.theyworkforyou.com/mp/24767/karl_turner/kingston_upon_hull_east
26517,Laurence,Turner,Labour,"Birmingham Northfield",https://www.theyworkforyou.com/mp/26517/laurence_turner/birmingham_northfield
10610,Derek,Twigg,Labour,"Widnes and Halewood",https://www.theyworkforyou.com/mp/10610/derek_twigg/widnes_and_halewood
25623,Liz,Twist,Labour,"Blaydon and Consett",https://www.theyworkforyou.com/mp/25623/liz_twist/blaydon_and_consett
26508,Harpreet,Uppal,Labour,Huddersfield,https://www.theyworkforyou.com/mp/26508/harpreet_uppal/huddersfield
26540,Freddie,"Van Mierlo","Liberal Democrat","Henley and Thame",https://www.theyworkforyou.com/mp/26540/freddie_van_mierlo/henley_and_thame
26346,Tony,Vaughan,Labour,"Folkestone and Hythe",https://www.theyworkforyou.com/mp/26346/tony_vaughan/folkestone_and_hythe
24852,Valerie,Vaz,Labour,"Walsall and Bloxwich",https://www.theyworkforyou.com/mp/24852/valerie_vaz/walsall_and_bloxwich
24814,Martin,Vickers,Conservative,"Brigg and Immingham",https://www.theyworkforyou.com/mp/24814/martin_vickers/brigg_and_immingham
25853,Matt,Vickers,Conservative,"Stockton West",https://www.theyworkforyou.com/mp/25853/matt_vickers/stockton_west
26350,Christopher,Vince,Labour/Co-operative,Harlow,https://www.theyworkforyou.com/mp/26350/christopher_vince/harlow
26511,Caroline,Voaden,"Liberal Democrat","South Devon",https://www.theyworkforyou.com/mp/26511/caroline_voaden/south_devon
25874,Christian,Wakeford,Labour,"Bury South",https://www.theyworkforyou.com/mp/25874/christian_wakeford/bury_south
26409,Imogen,Walker,Labour,"Hamilton and Clyde Valley",https://www.theyworkforyou.com/mp/26409/imogen_walker/hamilton_and_clyde_valley
26519,Chris,Ward,Labour,"Brighton Kemptown and Peacehaven",https://www.theyworkforyou.com/mp/26519/chris_ward/brighton_kemptown_and_peacehaven
26610,Melanie,Ward,Labour,"Cowdenbeath and Kirkcaldy",https://www.theyworkforyou.com/mp/26610/melanie_ward/cowdenbeath_and_kirkcaldy
26319,Paul,Waugh,Labour/Co-operative,Rochdale,https://www.theyworkforyou.com/mp/26319/paul_waugh/rochdale
26305,Chris,Webb,Labour,"Blackpool South",https://www.theyworkforyou.com/mp/26305/chris_webb/blackpool_south
26550,Michelle,Welsh,Labour,"Sherwood Forest",https://www.theyworkforyou.com/mp/26550/michelle_welsh/sherwood_forest
25328,Catherine,West,Labour,"Hornsey and Friern Barnet",https://www.theyworkforyou.com/mp/25328/catherine_west/hornsey_and_friern_barnet
26120,Andrew,Western,Labour,"Stretford and Urmston",https://www.theyworkforyou.com/mp/26120/andrew_western/stretford_and_urmston
25701,Matt,Western,Labour,"Warwick and Leamington",https://www.theyworkforyou.com/mp/25701/matt_western/warwick_and_leamington
25398,Helen,Whately,Conservative,"Faversham and Mid Kent",https://www.theyworkforyou.com/mp/25398/helen_whately/faversham_and_mid_kent
26551,Michael,Wheeler,Labour,"Worsley and Eccles",https://www.theyworkforyou.com/mp/26551/michael_wheeler/worsley_and_eccles
26613,John,Whitby,Labour,"Derbyshire Dales",https://www.theyworkforyou.com/mp/26613/john_whitby/derbyshire_dales
26358,Jo,White,Labour,Bassetlaw,https://www.theyworkforyou.com/mp/26358/jo_white/bassetlaw
26520,Katie,White,Labour,"Leeds North West",https://www.theyworkforyou.com/mp/26520/katie_white/leeds_north_west
10632,John,Whittingdale,Conservative,Maldon,https://www.theyworkforyou.com/mp/10632/john_whittingdale/maldon
25845,Nadia,Whittome,Labour,"Nottingham East",https://www.theyworkforyou.com/mp/25845/nadia_whittome/nottingham_east
25866,James,Wild,Conservative,"North West Norfolk",https://www.theyworkforyou.com/mp/25866/james_wild/north_west_norfolk
26344,Max,Wilkinson,"Liberal Democrat",Cheltenham,https://www.theyworkforyou.com/mp/26344/max_wilkinson/cheltenham
26397,David,Williams,Labour,"Stoke-on-Trent North",https://www.theyworkforyou.com/mp/26397/david_williams/stoke-on-trent_north
24729,Gavin,Williamson,Conservative,"Stone, Great Wyrley and Penkridge",https://www.theyworkforyou.com/mp/24729/gavin_williamson/stone%2C_great_wyrley_and_penkridge
25820,Munira,Wilson,"Liberal Democrat",Twickenham,https://www.theyworkforyou.com/mp/25820/munira_wilson/twickenham
11374,Sammy,Wilson,DUP,"East Antrim",https://www.theyworkforyou.com/mp/11374/sammy_wilson/east_antrim
11333,Pete,Wishart,"Scottish National Party","Perth and Kinross-shire",https://www.theyworkforyou.com/mp/11333/pete_wishart/perth_and_kinross-shire
26583,Steve,Witherden,Labour,"Montgomeryshire and Glyndŵr",https://www.theyworkforyou.com/mp/26583/steve_witherden/montgomeryshire_and_glynd%C5%B5r
25362,Mike,Wood,Conservative,"Kingswinford and South Staffordshire",https://www.theyworkforyou.com/mp/25362/mike_wood/kingswinford_and_south_staffordshire
26552,Sean,Woodcock,Labour,Banbury,https://www.theyworkforyou.com/mp/26552/sean_woodcock/banbury
11791,Jeremy,Wright,Conservative,"Kenilworth and Southam",https://www.theyworkforyou.com/mp/11791/jeremy_wright/kenilworth_and_southam
26615,Rosie,Wrighting,Labour,Kettering,https://www.theyworkforyou.com/mp/26615/rosie_wrighting/kettering
26484,Martin,Wrigley,"Liberal Democrat","Newton Abbot",https://www.theyworkforyou.com/mp/26484/martin_wrigley/newton_abbot
26600,Yuan,Yang,Labour,"Earley and Woodley",https://www.theyworkforyou.com/mp/26600/yuan_yang/earley_and_woodley
25649,Mohammad,Yasin,Labour,Bedford,https://www.theyworkforyou.com/mp/25649/mohammad_yasin/bedford
26469,Steve,Yemm,Labour,Mansfield,https://www.theyworkforyou.com/mp/26469/steve_yemm/mansfield
26458,Claire,Young,"Liberal Democrat","Thornbury and Yate",https://www.theyworkforyou.com/mp/26458/claire_young/thornbury_and_yate
25386,Daniel,Zeichner,Labour,Cambridge,https://www.theyworkforyou.com/mp/25386/daniel_zeichner/cambridge
